,Blautia coccoides,Lactococcus lactis,Bacteroides ovatus,Bacteroides caccae,Blautia hydrogenotrophica,Clostridium symbiosum,Marvinbryantia formatexigens,Bacteroides thetaiotaomicron,Escherichia coli,Collinsella aerofaciens,Eubacterium rectale,Desulfovibrio piger
SRR096952,0,0.007374,0.0769573,0.3832136,0.040967,0.0606351,0.1291461,0.1969511,0.0516646,0.0228613,0.0103216,0.0195575
SRR096955,0,0.0013358,0.1084009,0.312497,0.0390113,0.0258264,0.1814161,0.1977361,0.1016299,0.0078717,0.0131807,0.0110941
SRR096956,0,0.0411996,0.092562,0.3512171,0.0500179,0.049707,0.1166258,0.1836541,0.0612187,0.0170463,0.0185802,0.0176347
SRR096957,0,0,0.145162,0.1664471,0.0219929,0.1247887,0.2178982,0.0755095,0.043505,0.0747735,0.0062825,0.1188618
SRR096958,0,0.0140255,0.0948752,0.3949282,0.0366696,0.0466756,0.1269652,0.2076472,0.0359683,0.025695,0.0081391,0.008193
SRR096959,0,0.0193942,0.1143018,0.5608174,0.018423,0.030317,0.0221875,0.2032322,0.0228356,0.0025237,0.0017459,0.0042215
SRR096960,0,0.0007226,0.1671369,0.4857255,0.0020112,0.0303535,0.0033042,0.250587,0.0574317,0,0,0.0027274
SRR096961,0,0,0.2570101,0.3707539,0.0380738,0.0369141,0.0309786,0.2288876,0.0099116,0.0126223,0.0148481,0
SRR096962,0,0.0702725,0.0970395,0.4637542,0.0215308,0.0530424,0.0390288,0.1765881,0.0468606,0.0318832,0,0
SRR096963,0,0.0602862,0.0825062,0.5397201,0.0092889,0.0254216,0.0500101,0.204643,0.0281239,0,0,0
SRR096964,0,0.0209767,0.0776004,0.2965982,0.0228037,0.0610079,0.2372784,0.1348228,0.0497947,0.0284526,0.0092013,0.0614635
SRR096965,0,0.012387,0.1048627,0.4413488,0.0260394,0.041497,0.0835585,0.1749248,0.0560883,0.0158634,0.0148987,0.027144
SRR096966,0,0.0245008,0.0995053,0.4127758,0.0234984,0.0312916,0.0570263,0.2982466,0.0356666,0.0065268,0.0060361,0.0048546
SRR096967,0,0,0.0310338,0.1383265,0.0231804,0.1552013,0.2392243,0.0759872,0.1727227,0.0459737,0,0.1161214
SRR096968,0,0,0.0878315,0.3674737,0.0250563,0.0454485,0.1466512,0.1988157,0.0519257,0.0296102,0.0209005,0.0262867
SRR096969,0,0.0029215,0.1814711,0.4595827,0.0115595,0.0293793,0.0451692,0.2198166,0.0351688,0.0039006,0.0053162,0.0057146
SRR096970,0,0,0.0638307,0.5021671,0,0.0311402,0.1500808,0.2097756,0.0260205,0.0039464,0,0.0130388
SRR096971,0,0.0121281,0.0753276,0.3341619,0.0156352,0.0440322,0.2233447,0.1732605,0.0348295,0.0292793,0.0056531,0.0523477
SRR096972,0,0,0.0328924,0.1393889,0.0219443,0.0580014,0.1789389,0.0557637,0.3916842,0.049532,0.0080226,0.0567183
SRR096973,0,0.0184484,0.1266796,0.5087976,0.0219986,0.0525504,0.032815,0.2035673,0.0268215,0.0017221,0.0020053,0.0045941
SRR096974,0,0.0186452,0.1812448,0.2986081,0.0329664,0.0542911,0.0578284,0.1823678,0.085287,0.0466091,0.0237049,0.0159088
SRR096975,0,0.0238725,0.1423363,0.4018586,0.0254081,0.055242,0.0942377,0.16529,0.0400043,0.0231536,0.0064265,0.0200486
SRR096976,0,0.0080312,0.0596882,0.2290212,0.0146327,0.0528257,0.2674807,0.0797584,0.0528088,0.1009843,0.0096745,0.1178079
SRR096977,0,0.0013988,0.1215663,0.257238,0.0496682,0.1146888,0.1752502,0.0824363,0.1041383,0.0376277,0.0080083,0.0424444
SRR096978,0,0.0006942,0.1441932,0.4040538,0.0048316,0.0655192,0.0008469,0.1834039,0.1892629,0.0021597,0,0.0050347
SRR096979,0,0.0018964,0.0732918,0.30355,0.0318881,0.0709249,0.1146809,0.192751,0.1234224,0.0334632,0.0146047,0.0382802
SRR096980,0,0.0043661,0.0676234,0.5058295,0.0243539,0.0331311,0.076641,0.2238031,0.0297446,0.0058712,0.0166722,0.0119641
SRR096981,0,0.0148964,0.1824059,0.353327,0.0309958,0.0722203,0.0704733,0.1435614,0.0849366,0.0310722,0.0034189,0.0115263
SRR096982,0,0.0258711,0.1613111,0.4320099,0.027279,0.0363014,0.0582886,0.1833807,0.0363102,0.022805,0.0077771,0.0077807
SRR096983,0,0,0.0342357,0.1693508,0.0116081,0.2023422,0.1492185,0.0818064,0.152145,0.0418366,0,0.1574567
SRR096984,0,0.1090757,0.1678563,0.4124237,0.0100527,0.016359,0.0761571,0.194795,0.0036518,0,0,0.0096287
SRR096985,0,0.0094122,0.1069066,0.4583883,0.0129169,0.0665986,0.0622138,0.1777244,0.0806756,0.0161244,0,0.0090393
SRR096986,0,0.0275692,0.0850629,0.4782465,0.0244175,0.0265691,0.0714887,0.2322989,0.0290349,0.0098147,0.0081288,0.0073688
SRR096987,0,0.0101396,0.0651475,0.2893483,0.0216363,0.0695289,0.210483,0.1307656,0.0337435,0.0680501,0.0014852,0.0928135
SRR096998,0,0.0108026,0.0710661,0.3732235,0.0490019,0.0705547,0.0631376,0.1732435,0.1433567,0.0286062,0.003637,0.0099541
SRR096999,0,0.0063574,0.0439859,0.2637495,0.0552358,0.1074317,0.2101721,0.139933,0.0852942,0.0285148,0.0102093,0.0467748
SRR097000,0,0.0058052,0.0964202,0.4263774,0.0376396,0.0315481,0.0916831,0.2087236,0.0500335,0.0129621,0.0174302,0.0213769
SRR097001,0,0.0125885,0.0535271,0.2928285,0.0342853,0.1104895,0.1133396,0.1329203,0.1786837,0.0419549,0,0.0248459
SRR097002,0,0.0041577,0.1176352,0.2380534,0.0289342,0.0540147,0.1960916,0.1955483,0.1203387,0.0160311,0.0153823,0.0138127
SRR097003,0,0.0457316,0.2783508,0.3308307,0.0187862,0.0350686,0.0641925,0.195304,0.0176122,0.0021255,0.005087,0.0069109
SRR097004,0,0.0404777,0.2062852,0.3922641,0.0162689,0.0383989,0.0531993,0.2044028,0.0294157,0.0035421,0.0045863,0.0111588
SRR097005,0,0.002931,0.093998,0.2938163,0.0418633,0.0463822,0.2206998,0.1559777,0.0609903,0.0216811,0.0229493,0.0379264
SRR097006,0,0,0.108067,0.4072877,0.0479538,0.0493204,0.094108,0.2426027,0.0206657,0.0138917,0.0114834,0.0046195
SRR097007,0,0.0087406,0.0641441,0.3137042,0.0145168,0.0433334,0.1410436,0.3252411,0.0538669,0.006978,0.0081707,0.0202604
SRR097008,0,0,0.2098301,0.3424836,0,0.0054712,0.2829514,0.1242929,0.0349708,0,0,0
SRR097009,0,0.0872934,0.0859222,0.2688087,0.0343053,0.0706575,0.0921018,0.1069903,0.1556238,0.0438181,0.0002776,0.0518065
SRR097010,0,0.0175933,0.1895343,0.2762668,0.0513692,0.0737127,0.0564306,0.1517185,0.0867155,0.0574062,0.0102421,0.0268576
SRR097011,0,0,0.1243724,0.3924731,0.0045295,0.0186285,0.0895522,0.3394645,0.0134198,0,0.0099104,0.0076496
SRR097012,0,0.0463019,0.0963224,0.3208428,0.0362375,0.1046665,0.0912421,0.1771268,0.0496343,0.0339642,0.0030199,0.0388341
SRR097013,0,0.0435053,0.1133274,0.5024066,0.0121487,0.0170603,0.0288641,0.2297644,0.0340019,0.0060784,0,0.012843
SRR097014,0,0.037749,0.126142,0.4686445,0.0384812,0.0380161,0.0191984,0.1994542,0.0502253,0.0173148,0,0.0034846
SRR097015,0,0,0.026809,0.1074164,0.0179833,0.1034544,0.2880866,0.0298096,0.1789369,0.0607826,0,0.1867212
SRR097016,0,0,0.0478908,0.2543773,0.0157428,0.1295442,0.1995614,0.0971375,0.1401945,0.022371,0,0.0931805
SRR097017,0,0.0036679,0.0431737,0.0815748,0.0193653,0.104803,0.2429904,0.0446913,0.1530753,0.1357184,0.0022504,0.1452715
SRR097018,0,0.0351704,0.1028805,0.3590647,0.0268159,0.0608899,0.1487999,0.1387727,0.0499881,0.0421244,0.0040209,0.0306957
SRR097019,0,0.0139016,0.035479,0.1968686,0.0439252,0.1052678,0.1348338,0.0705749,0.2028665,0.1077236,0.0038435,0.0735001
SRR097020,0,0.0251138,0.1231036,0.3354629,0.0104886,0.0693665,0.1307493,0.1469952,0.0837282,0.0214435,0,0.0535483
SRR097021,0,0.0009347,0.041381,0.3233055,0.0363383,0.0954512,0.2027062,0.1141153,0.0931097,0.0349073,0.0092268,0.0449362
SRR097022,0,0,0.168677,0.3139451,0.0300844,0.0464277,0.1373708,0.1423513,0.1038712,0.0160679,0.0159902,0.0252142
SRR097023,0,0.007379,0.0597874,0.4420439,0.0488173,0.0825651,0.0604278,0.180796,0.0666216,0.0361022,0.0021702,0.0132895
SRR097024,0,0.036099,0.1155815,0.6275201,0,0,0.025372,0.1954274,0,0,0,0
SRR097025,0,0.0632282,0.180523,0.5016673,0.0027781,0,0.0035836,0.2402901,0.0079296,0,0,0
SRR097026,0,0.0064404,0.1007261,0.3058066,0.0290711,0.0864157,0.1749433,0.1236166,0.0646455,0.0546462,0,0.0520144
SRR097027,0,0.0173845,0.1117296,0.36121,0.0408518,0.0599852,0.0220208,0.0968537,0.205295,0.0715474,0,0.0065061
SRR097028,0,0.0019685,0.0274036,0.3464647,0.0890874,0.0907541,0.186537,0.1317945,0.0499724,0.0305116,0.0176382,0.0269339
SRR097029,0,0.0667872,0.1229119,0.4095914,0.0225496,0.0306234,0.0242283,0.2487197,0.0678339,0.0051074,0,0.0016472
SRR097030,0,0.0045874,0.0613388,0.2911337,0.0576235,0.1001206,0.1629466,0.1828833,0.0767013,0.0375728,0.0124571,0.0126349
SRR097031,0,0.0197356,0.2205548,0.4336938,0.0265736,0.0364178,0.0393094,0.1683146,0.044717,0.0038176,0.0031584,0.0037075
SRR097032,0,0,0.1030985,0.409369,0.0237704,0.0388975,0.0904779,0.2340248,0.0608367,0.0118032,0.0115818,0.0161402
SRR097033,0,0.0025211,0.1390956,0.2969507,0.0310827,0.0645815,0.1610911,0.1065427,0.1176188,0.0218474,0.0078723,0.0470262
SRR097034,0,0,0.1331295,0.4299967,0.0083436,0.0525044,0.1469281,0.1663182,0.0159513,0.0052885,0.0092242,0.0323154
SRR097035,0,0.0119353,0.0978261,0.3874349,0.0685996,0.0855114,0.0418535,0.1621296,0.1090742,0.0261084,0.0040996,0.0041027
SRR097036,0,0.0586799,0.1123259,0.3678967,0.0229998,0.0321434,0.0424503,0.3004763,0.046699,0.0081878,0.0024493,0.0056918
SRR097037,0,0.0082584,0.0488988,0.3089462,0.0302562,0.0867459,0.1263069,0.1607224,0.1303863,0.0641403,0.0016175,0.0322254
SRR097038,0,0.0948054,0.1309074,0.3331405,0.0544643,0.0433827,0.0467602,0.1930287,0.0679934,0.0237391,0.003448,0.0083302
SRR097039,0,0.0161672,0.1072099,0.4473433,0.0443787,0.0549151,0.0440313,0.2127718,0.0414775,0.0212009,0.0025863,0.0079179
SRR097040,0,0.0116611,0.0798758,0.395941,0.0355666,0.0869341,0.0957593,0.2261866,0.0299905,0.0184221,0.0045536,0.0151093
SRR097041,0,0.0249029,0.1156431,0.5212569,0.0057863,0.0134908,0.0847441,0.234176,0,0,0,0
SRR097042,0,0.0035774,0.1189779,0.4091418,0.0609235,0.0673477,0.0340082,0.1774757,0.0903023,0.0303595,0.004027,0.0033317
SRR097043,0,0.0333711,0.1067681,0.42144,0.0415751,0.0567905,0.049663,0.1953623,0.0702351,0.0178041,0,0.0069907
SRR097044,0,0.0057738,0.0669051,0.247215,0.037051,0.1617555,0.1993282,0.1354007,0.0471475,0.034585,0.0072485,0.05435
SRR097045,0,0.0227003,0.2220736,0.3620186,0.0308373,0.0541924,0.0792164,0.1648873,0.0175828,0.0129658,0.0049827,0.0285428
SRR097046,0,0.0357584,0.1336146,0.3798369,0.0224506,0.0391328,0.0705707,0.255966,0.0317946,0.006414,0.0078719,0.0165896
SRR097047,0,0.0074175,0.0663004,0.4768253,0.0310749,0.0692028,0.05989,0.14585,0.0803321,0.0320082,0.0023161,0.0267222
SRR097048,0,0.0257061,0.0861749,0.3783653,0.023209,0.1249812,0.0996572,0.0983719,0.0667529,0.0561553,0.002303,0.0373846
SRR097049,0,0.0258336,0.0821969,0.2985446,0.0285047,0.0304117,0.0379413,0.4493655,0.0300221,0.0097814,0.0035465,0.0038519
SRR097050,0,0,0.0950244,0.3656574,0.0022168,0.0175459,0.1049163,0.3564141,0.0399649,0.0085978,0,0.0096625
SRR097051,0,0.0143848,0.161397,0.4191245,0.0253749,0.045829,0.0941131,0.1236546,0.089748,0.008177,0.0055167,0.0126803
SRR097052,0,0.0079893,0.0885803,0.2584523,0.0415894,0.0731403,0.1677592,0.1859304,0.0671737,0.046879,0.013872,0.0417107
SRR097053,0,0,0.0939607,0.2246386,0.0268522,0.0740198,0.0715658,0.1260256,0.12322,0.1638093,0,0.095908
SRR097054,0,0.0527182,0.1334426,0.4210288,0.0161829,0.0341511,0.0195389,0.3104057,0.0083585,0.0019558,0.0003412,0.0018763
SRR097055,0,0.0014656,0.0425242,0.2308176,0.027824,0.1114232,0.2992519,0.1268247,0.0636707,0.0394946,0.0060262,0.0493152
SRR097056,0,0.0376588,0.150385,0.4722868,0.0094772,0.0198431,0.032419,0.2383505,0,0.0097066,0,0.029873
SRR097057,0,0.0171063,0.0410837,0.2612526,0.034167,0.1555696,0.1676775,0.1148953,0.1078252,0.0545454,0,0.044522
SRR097058,0,0.0122702,0.0726666,0.2268214,0.0457118,0.0912608,0.2358154,0.1608926,0.0662028,0.0381578,0.0194334,0.0277556
SRR097059,0,0,0.0574548,0.1907562,0.0096874,0.103855,0.2822819,0.0777291,0.0813504,0.0339614,0.0020101,0.1609137
SRR097060,0,0,0.0327013,0.2323431,0.0325284,0.0632156,0.2671192,0.0908496,0.138847,0.0462823,0.0068539,0.0877398
SRR097061,0,0.0061208,0.219059,0.2963757,0.0320586,0.0649376,0.1548486,0.1095859,0.0652629,0.040079,0,0.0116719
SRR097062,0,0.0038046,0.0583535,0.2306826,0.0254415,0.130041,0.2821953,0.1062878,0.0654359,0.0528821,0,0.0448756
SRR097063,0,0.0060177,0.1531397,0.2199024,0.0344845,0.1018345,0.1664973,0.0737036,0.1444648,0.0490872,0.0074008,0.0409345
SRR097064,0,0.0050144,0.0989326,0.340082,0.0145363,0.0349142,0.0955411,0.315196,0.0626912,0.0044205,0.0130654,0.0156061
SRR097065,0,0.0013383,0.078967,0.4315068,0.0136579,0.022444,0.0630197,0.3228755,0.0318047,0.006532,0.013682,0.0139289
SRR097066,0,0.0102236,0.1434006,0.4237771,0.0301953,0.0581886,0.0351026,0.1942557,0.0785676,0.0191557,0.0007805,0.0063528
SRR097067,0,0.0017588,0.0427826,0.3079732,0.0647748,0.0728205,0.2099082,0.1371794,0.0601274,0.0443553,0.021551,0.0334646
SRR097068,0,0,0.039481,0.3214717,0.037773,0.0750827,0.1535009,0.129433,0.1715649,0.0140133,0.0262232,0.0314563
SRR097072,0,0.0048911,0.0688186,0.5859472,0.0226959,0.0326428,0.05067,0.1976138,0.0230673,0.0017976,0.0038972,0.0079584
SRR097075,0,0.035201,0.0987995,0.3820801,0.0352698,0.0554788,0.0375755,0.2297086,0.1096994,0.0097226,0,0.0064646
SRR097076,0,0.0290579,0.1378427,0.3840419,0.0285003,0.0377996,0.0711838,0.2166659,0.0554852,0.0153319,0.0095556,0.0141253
SRR097077,0,0.0419099,0.1170578,0.4564099,0.0171334,0.0239648,0.0264348,0.2973631,0.017573,0.0012377,0.0009155,0
SRR097078,0,0,0.1039375,0.5430898,0,0.0033531,0.0976154,0.2457282,0,0.006276,0,0
SRR097079,0,0.0001745,0.1040412,0.519135,0.0033668,0.0338197,0.0184605,0.2751812,0.0277528,0.001135,0.005543,0.0113904
SRR097080,0,0.0683536,0.144931,0.4640806,0.0071688,0.0182966,0.0310273,0.2427973,0.0233446,0,0,0
SRR097081,0,0.0212724,0.0841911,0.3410726,0.0259438,0.0718649,0.162268,0.1757514,0.0626839,0.0224036,0.0110204,0.0215278
SRR097082,0,0.0144827,0.1602313,0.3490209,0,0.004179,0.0770524,0.3890881,0.0059455,0,0,0
SRR097083,0,0.0003856,0.1265765,0.2244321,0.0707972,0.0276583,0.1703824,0.1327868,0.1233369,0.0472405,0.0219138,0.0499472
SRR097084,0,0,0.0055947,0.0502887,0.0146215,0.0687728,0.342964,0.0153232,0.1426254,0.1500676,0.004087,0.1905566
SRR097088,0,0.0099201,0.073976,0.298759,0.0254188,0.0857262,0.1831888,0.165389,0.0760544,0.0317182,0.0021881,0.0462274
SRR097089,0,0.0087966,0.0378314,0.3567595,0.0423299,0.0627365,0.1510269,0.1750022,0.1003719,0.0298731,0.0124459,0.0201007
SRR097090,0,0.0253768,0.1003729,0.2312601,0.0276385,0.1209105,0.1132289,0.1271981,0.123689,0.0698981,0.0020729,0.0486641
SRR097091,0,0.0049157,0.0737155,0.2839341,0.0218394,0.0582422,0.1937311,0.1093065,0.150524,0.0251527,0.0064092,0.0722296
SRR097093,0,0,0.1495095,0.4591193,0.0013572,0.0164124,0.0495962,0.1758,0.131967,0,0.0093407,0.0068976
SRR097094,0,0.0499386,0.1244308,0.4528411,0.0283988,0.0369492,0.0380442,0.1955823,0.0479653,0.0231665,0,0.0026832
SRR097095,0,0.0059956,0.1051744,0.3814517,0.014707,0.0192884,0.0772272,0.302147,0.0724486,0.0029585,0.0131385,0.0054632
SRR097096,0,0,0.1169873,0.4451183,0.0101935,0.0144861,0.1406634,0.223588,0.043774,0,0.0042372,0.0009523
SRR097097,0,0.0186772,0.1532511,0.2997538,0.035478,0.0228036,0.0791987,0.1461561,0.040937,0.0940458,0.0162238,0.0854069
SRR097098,0,0.0294264,0.0955941,0.3348997,0.0479543,0.0740109,0.1817288,0.1320126,0.063485,0.0120929,0.0082992,0.0204961
SRR097099,0,0.0277482,0.1967375,0.2871146,0.0460455,0.0422351,0.0701261,0.0938379,0.1880691,0.0327032,0.0041207,0.0105658
SRR097100,0,0.0230595,0.1359796,0.4899647,0.0230361,0.0333063,0.0532265,0.1913648,0.0321979,0.007713,0.0040854,0.0060662
SRR097101,0,0.049623,0.1454689,0.4335322,0.0124431,0.0182269,0.0846115,0.2492016,0.004674,0.0014426,0.0007762,0
SRR097102,0,0.0241166,0.1002691,0.3965413,0.0428223,0.0563213,0.0686559,0.2325,0.0445358,0.0230451,0.003624,0.0075686
SRR097103,0,0.0407174,0.1392548,0.3769597,0.00766,0.0162247,0.1050062,0.2826494,0.0217433,0,0.0089016,0.0008828
SRR097104,0,0.0011375,0.0273307,0.1669119,0.0169794,0.0580087,0.2271386,0.0719051,0.080147,0.1046843,0.0041243,0.2313978
SRR097105,0,0,0.0845044,0.3872681,0.004621,0.0281265,0.1961293,0.184681,0.0092375,0.0299694,0,0.0754629
SRR097106,0,0.0094651,0.0913062,0.4388031,0.0353902,0.048663,0.0881185,0.1969061,0.0546351,0.0158743,0.0095665,0.011272
SRR097107,0,0.0095364,0.1669398,0.5000789,0.0188231,0.0538876,0.0237978,0.1649821,0.0464868,0.0147001,0,0.0007674
SRR097117,0,0.0272305,0.1340002,0.2942012,0.0214102,0.0379975,0.0801266,0.3310474,0.0438216,0.0066146,0.0093542,0.0139885
SRR097118,0,0.0230381,0.1401007,0.435947,0.0195727,0.0461665,0.0505296,0.2436246,0.0231784,0.0013992,0.0071145,0.0093285
SRR097119,0,0.0655721,0.0695317,0.3305791,0.0347359,0.0719948,0.1080706,0.1137453,0.1234433,0.0596788,0,0.0212466
SRR097120,0,0.0550843,0.1051348,0.372354,0.0163675,0.0272049,0.0481671,0.3468164,0.0177844,0.0015798,0.00639,0.0031168
SRR097121,0,0.0219389,0.0636591,0.3032219,0.0267467,0.093727,0.100932,0.1248959,0.1648979,0.0574811,0,0.0405398
SRR097122,0,0.0515075,0.1005389,0.4939457,0.0345401,0.0351064,0.0357528,0.1979428,0.0387206,0.004876,0.0020453,0.0050237
SRR097123,0,0,0.0284412,0.1791779,0.0052534,0.0529934,0.3508383,0.0881994,0.0662539,0.056265,0.00873,0.1638475
SRR097124,0,0.0113437,0.0708906,0.2110151,0.0366153,0.0584205,0.2231234,0.2036811,0.0682172,0.0392381,0.0121397,0.0637751
SRR097125,0,0.0010731,0.1167847,0.2582109,0.0357687,0.0693962,0.2068522,0.1153747,0.0419857,0.0550014,0.0164802,0.0789594
SRR097126,0,0.0225335,0.1109021,0.4187077,0.0253886,0.0452399,0.0926388,0.2287699,0.0362581,0.0061531,0.0034981,0.0099102
SRR097127,0,0.0242613,0.0739768,0.2492737,0.035446,0.0665224,0.2469872,0.1548081,0.0783303,0.0244086,0.0165913,0.0290058
SRR097128,0,0.0139163,0.1183137,0.2954018,0.0369137,0.0711845,0.1468994,0.1604668,0.0931229,0.0293732,0.0130808,0.0204039
SRR097129,0,0.012335,0.1070185,0.4853977,0.0113877,0.0401619,0.1419815,0.1890033,0.0108977,0,0,0.0018167
SRR097130,0,0,0.0357605,0.1559767,0.0378727,0.0616762,0.2463774,0.063141,0.2614115,0.0413005,0.0159543,0.0741727
SRR097131,0,0.051446,0.0660108,0.5012956,0.0261515,0.0135362,0.0604558,0.2611813,0.0183482,0,0.0011602,0.0004144
SRR097132,0,0.0197109,0.1273021,0.3510327,0.0254666,0.0826219,0.2233454,0.1321364,0.0033644,0.0225804,0,0.0124393
SRR097133,0,0.0278594,0.1724807,0.3628912,0.0295434,0.0579461,0.0992215,0.1826765,0.036458,0.0152266,0.0007288,0.0149678
SRR097134,0,0.0273015,0.0505762,0.2842925,0.0417885,0.1157039,0.1064515,0.1178965,0.1237462,0.098968,0,0.0275384
SRR097135,0,0.0118719,0.1373695,0.4191235,0.0325177,0.0642714,0.1178044,0.14906,0.0497338,0.0061632,0,0.0120848
SRR097136,0,0.0873869,0.0845159,0.5082484,0.0102776,0.0184385,0.0582032,0.2255067,0,0.0040827,0,0.0033401
SRR097137,0,0.0171584,0.0755762,0.4102974,0.0571062,0.0623891,0.0555581,0.2039011,0.0827584,0.0182715,0.0057931,0.0103579
SRR097138,0,0.0035341,0.0645128,0.3344214,0.0331637,0.0565649,0.1654211,0.2250855,0.0739193,0.0200354,0.0038634,0.0194784
SRR097139,0,0,0.0373536,0.3243206,0.0062317,0.0288294,0.328171,0.1656093,0,0.0428613,0,0.066623
SRR097140,0,0.0170008,0.0816515,0.3639248,0.0211024,0.0728989,0.1036602,0.2520561,0.0362068,0.0168046,0.0031027,0.0315913
SRR097141,0,0.0147225,0.0881206,0.3276916,0.0325761,0.1107907,0.1359962,0.1175141,0.0910609,0.0308557,0.0038439,0.0468275
SRR097142,0,0.0071124,0.1502697,0.4605848,0.0050008,0.0149915,0.1204586,0.174132,0.0315743,0.0130841,0.0039148,0.0188771
SRR097143,0,0.0123787,0.1834353,0.2783906,0.0468802,0.0601304,0.0611268,0.1451234,0.1334238,0.0408349,0.008886,0.0273278
SRR097144,0,0.0447166,0.0862625,0.4895478,0.0314638,0.0526437,0.0555014,0.1400658,0.0500688,0.0303271,0,0.0194026
SRR097145,0,0,0.0138736,0.0998854,0,0.0326411,0.2995315,0.036477,0.0625684,0.0443561,0,0.4082663
SRR097146,0,0,0.0907707,0.2575135,0.0198265,0.0461894,0.1386104,0.0920618,0.2903264,0.0084212,0.0251508,0.0297916
SRR097147,0,0.0113295,0.0553966,0.2130044,0.0294359,0.0670353,0.3269858,0.0832885,0.0790979,0.0589864,0.0072661,0.0652335
SRR097148,0,0.0291085,0.0686598,0.3279799,0.0364371,0.0594645,0.0671582,0.2067916,0.1533924,0.0280019,0.0043843,0.0137728
SRR097149,0,0.0023166,0.0423011,0.1143281,0.0446206,0.1634118,0.1298616,0.0488101,0.2289828,0.0967846,0,0.1197442
SRR097150,0,0.0197891,0.0836527,0.4029009,0.0363137,0.0680792,0.0377549,0.2141827,0.1251479,0.0045602,0,0.0076189
SRR097151,0,0,0.0894578,0.3314607,0.0145259,0.025638,0.1739461,0.2320094,0.0820333,0.0172369,0.0066609,0.027031
SRR097152,0,0.0871666,0.1008746,0.4524855,0.0109359,0.0194535,0.0158669,0.310596,0.0026212,0,0,0
SRR097153,0,0.0032762,0.0465314,0.1635905,0.0406009,0.1719396,0.3207118,0.0578993,0.0493987,0.0567581,0.0055516,0.0785993
SRR097154,0,0.0128156,0.0878054,0.4098429,0.0247302,0.0678501,0.0450939,0.2173064,0.1290833,0.0011318,0,0.0043404
SRR097155,0,0,0.1124633,0.404298,0.0069919,0.0594334,0.1718689,0.1950176,0.0429936,0.0069334,0,0
SRR097156,0,0.0050524,0.0569177,0.2064954,0.0134678,0.0519941,0.2768834,0.1104745,0.0550918,0.0451342,0.0063976,0.166935
SRR097157,0,0,0.0627132,0.2013749,0.0421029,0.2071205,0.1502313,0.097506,0.1159583,0.0469049,0.004404,0.0713405
SRR097158,0,0.0118347,0.1548149,0.3588509,0.0397099,0.0662298,0.068303,0.1166495,0.1306979,0.0319346,0.0054324,0.0127416
SRR097159,0,0.0130797,0.0935338,0.3572615,0.0295766,0.0558065,0.1057299,0.2749565,0.0409812,0.0140322,0.002525,0.0125172
SRR097160,0,0,0.2495896,0.3031634,0,0.1564689,0.1184264,0.1723517,0,0,0,0
SRR097161,0,0.0241803,0.1099633,0.2656105,0.0380696,0.0498836,0.148774,0.2430237,0.066419,0.0223866,0.0175035,0.014186
SRR097162,0,0,0.1615913,0.4033921,0.0073021,0.0686967,0.1378996,0.1573897,0.0407577,0.0117902,0,0.0111807
SRR097163,0,0.0101469,0.1211604,0.3419738,0.0401559,0.0556239,0.1341238,0.1856118,0.0468457,0.0215721,0.0172273,0.0250479
SRR097164,0,0.0113067,0.0652639,0.2851607,0.0328672,0.0815753,0.222983,0.1526387,0.0479893,0.0486549,0.0070657,0.0441258
SRR097165,0,0.0087226,0.0945972,0.5045127,0.0112092,0.017032,0.1119947,0.2256174,0.0048482,0,0.021466,0
SRR097166,0,0,0.0620623,0.3074754,0.0221767,0.048941,0.2448101,0.1489002,0.0641537,0.0261007,0.0092715,0.0637231
SRR097167,0,0.0116011,0.1286613,0.5352577,0.0212637,0.0455422,0.0513052,0.1079308,0.0645155,0.0104681,0.0062836,0.0171709
SRR097168,0,0.0584726,0.1017776,0.4707668,0.0214021,0.0207267,0.0297237,0.2404065,0.0481771,0.006331,0,0.0022159
SRR097169,0,0.003809,0.1012315,0.4173492,0.014111,0.0373816,0.1028849,0.2252119,0.009312,0.0425814,0,0.0461275
SRR097170,0,0.003294,0.1065939,0.3517248,0.0789519,0.1173603,0.0517597,0.1355212,0.0733707,0.0485688,0.0066238,0.0235579
SRR097171,0,0.0023353,0.1437764,0.4250886,0.0184611,0.065842,0.0540241,0.1934564,0.0749863,0.0043176,0.0029355,0.0147767
SRR097172,0,0,0.0672398,0.3722675,0,0.0708624,0.0208317,0.3438193,0.111583,0.0010718,0,0.0123244
SRR097173,0,0.013454,0.0417338,0.1666178,0.0214049,0.0575247,0.2841721,0.0962314,0.0988353,0.0888021,0.0042503,0.1122185
SRR097174,0,0.0060773,0.1431841,0.321286,0.0382029,0.056457,0.1194932,0.1567837,0.0935114,0.0258882,0.0163972,0.0202123
SRR097175,0,0.0233819,0.1004363,0.4291779,0.0326811,0.0477627,0.1023877,0.2108731,0.0262616,0.0139359,0.0076938,0.005408
SRR097176,0,0.0105299,0.0567333,0.4553811,0.0316024,0.0464935,0.1405956,0.1754465,0.030136,0.022176,0.0101864,0.0204798
SRR097177,0,0.0472961,0.0838978,0.3013216,0.0388626,0.0734545,0.0776321,0.2049341,0.1187296,0.0377061,0.0010673,0.0150983
SRR097178,0,0.0840878,0.0929314,0.4822182,0.0028908,0.0247281,0.0149378,0.2836588,0.0145471,0,0,0
SRR097179,0,0.0003719,0.0849462,0.1187223,0.0576075,0.0975171,0.2180976,0.1014278,0.1290105,0.0839864,0.020171,0.0770233
SRR097180,0,0.0120136,0.1059038,0.3255168,0.0309327,0.0429243,0.1121576,0.2540262,0.0799572,0.0123763,0.0138248,0.0103666
SRR097181,0,0.0022619,0.1189085,0.379552,0.0173747,0.0602142,0.1663902,0.1949795,0.0260945,0.0190299,0.0044074,0.0107872
SRR097182,0,0.0025327,0.2087,0.3502072,0.0533693,0.0717294,0.0455749,0.1882668,0.0483592,0.0163619,0.0078317,0.007067
SRR097183,0,0.0090491,0.0445557,0.261547,0.105855,0.1382781,0.0985501,0.1295544,0.1105455,0.0649569,0.003312,0.0305096
SRR097184,0,0,0.0740692,0.3043951,0,0.0352001,0.0533334,0.4543594,0.0393931,0.0201902,0,0.0190595
SRR097185,0,0.0321723,0.1288889,0.4055676,0.0245926,0.0533334,0.0587118,0.2286566,0.0448671,0.0064196,0.0057435,0.0110466
SRR097186,0,0.0047829,0.102101,0.3001181,0.0249794,0.0598496,0.2054827,0.1009304,0.0753853,0.0455603,0.0157471,0.060923
SRR097187,0,0.0804471,0.1460484,0.3580991,0.0197019,0.0203013,0.1007086,0.2396582,0.0266684,0.0026607,0.0055055,0.0002007
SRR097188,0,0.0131026,0.2084008,0.3857908,0.0283513,0.0551357,0.0693857,0.1478726,0.0670356,0.0152526,0.0024015,0.0072708
SRR097189,0,0.0292102,0.0399439,0.2096706,0.0088037,0.0322304,0.3037391,0.1244098,0.0466181,0.0982209,0.0034866,0.093236
SRR097190,0,0.0045136,0.0985618,0.2893235,0.0382938,0.0788228,0.1813269,0.1447516,0.0731909,0.0296158,0.0183837,0.0421874
SRR097191,0,0.0519822,0.2127348,0.439465,0.0350317,0.0341974,0.0109529,0.108884,0.0979098,0.0088422,0,0
SRR097199,0,0.0049863,0.0408769,0.2778384,0.0151542,0.061395,0.279481,0.0920003,0.0576769,0.058503,0.0096634,0.0982906
SRR097205,0,0.0013269,0.0724505,0.4603107,0,0.0106799,0.1565834,0.2457973,0.018629,0.0051201,0.0075229,0.0215793
SRR097206,0,0.0148442,0.0345959,0.2096023,0.016951,0.0508305,0.3184312,0.0818251,0.083358,0.0737101,0.00426,0.104386
SRR097207,0,0.0062239,0.0609315,0.3085458,0.0423551,0.0702669,0.210068,0.1774369,0.0538384,0.0289954,0.0169659,0.0233928
SRR097208,0,0.0054479,0.0403779,0.1669532,0.019925,0.0578301,0.3494979,0.1056516,0.1001619,0.0594624,0.0117542,0.0800002
SRR097209,0,0.0080392,0.0637293,0.1918445,0.0313894,0.1071699,0.228705,0.0972138,0.0893043,0.0761517,0.0134079,0.0851687
SRR097210,0,0.000714,0.1142417,0.3176549,0.0255884,0.042239,0.1216946,0.1236238,0.1874612,0.0170705,0.0240872,0.0256247
SRR097211,0,0.0581443,0.0876899,0.3612148,0.064065,0.0640839,0.0337585,0.1662249,0.1245288,0.0324616,0,0.0070091
SRR097212,0,0.020459,0.0824566,0.3429216,0.0349816,0.076712,0.0898537,0.2218311,0.0897617,0.0256883,0,0.0153342
SRR097213,0,0.0148159,0.1041885,0.3791887,0.0030942,0.0697137,0.1363895,0.1976686,0,0.0529949,0,0.041946
SRR097214,0,0,0.0537663,0.3686572,0.0248148,0.1304914,0.0705164,0.1787548,0.1470666,0.0131305,0,0.0128021
SRR097215,0,0,0.0610008,0.2197097,0.0364384,0.1725122,0.2263638,0.090807,0.0732125,0.0335153,0,0.0864404
SRR097216,0,0.0073862,0.0381711,0.2218009,0.0815025,0.0556045,0.3081687,0.1336589,0.0792068,0.0290411,0.0174875,0.0279718
SRR097217,0,0.0288881,0.1135542,0.3682383,0.0185167,0.035909,0.1069837,0.2517921,0.0524048,0.007559,0.0092602,0.0068938
SRR097218,0,0.0010922,0.0693789,0.2997328,0.0396736,0.1211716,0.2015049,0.1265088,0.0434111,0.0473415,0.0055491,0.0401538
SRR097219,0,0.0261603,0.0962569,0.510607,0.0103475,0.0063562,0.1046304,0.2303448,0.0069377,0,0.0083592,0
SRR097220,0,0.0126925,0.0908692,0.3115232,0.0124144,0.0247016,0.2720756,0.1751538,0.0103784,0.0361211,0.006352,0.0477182
SRR097221,0,0.0196096,0.1500711,0.3979384,0.0222524,0.0360729,0.0483999,0.2563846,0.0387716,0.0151967,0.0063849,0.0089179
SRR097222,0,0.0004212,0.1713977,0.3990821,0.0107046,0.0237712,0.080763,0.1655624,0.1094276,0.005145,0.0195106,0.013445
SRR097223,0,0.0477125,0.191708,0.3593163,0.0119351,0.0505701,0.0806929,0.2216591,0.0123726,0.0036447,0,0.0203887
SRR097224,0,0.0014884,0.0576581,0.2978481,0.058737,0.1269084,0.0951273,0.1455827,0.1520748,0.0488811,0.004494,0.0104264
SRR097226,0,0,0.0394309,0.2742724,0,0.0109946,0.4058035,0.102325,0.0565534,0.0429203,0,0.0677
SRR097227,0,0.0245396,0.0763884,0.3807603,0,0.0148313,0.0795661,0.3576153,0.0119077,0.0043977,0.0493289,0
SRR097228,0,0.0082174,0.0790416,0.4859573,0,0.0233079,0.0530682,0.3044609,0.0138502,0.0060419,0.0247695,0
SRR097229,0,0.0165834,0.109843,0.4057782,0,0.0326417,0.0079954,0.4079197,0.0148522,0.0029591,0.0009482,0
SRR097230,0,0.0177729,0.1196473,0.4242159,0,0.0262962,0.0128578,0.3738572,0.0141557,0.0038701,0.0015071,0.0051038
SRR097231,0,0.0129495,0.1070722,0.3956214,0,0.0243544,0.0135718,0.4272759,0.0104657,0.0033207,0.0011381,0.0042302
SRR097232,0,0.01744,0.1039386,0.4119245,0,0.0246915,0.0538541,0.2970464,0.022512,0.0121742,0.0471428,0.0060715
SRR097233,0,0.0183698,0.074661,0.3354414,0,0.0183565,0.0947709,0.3809586,0.0152208,0.0052475,0.0560718,0
SRR097234,0,0.0049034,0.1498964,0.3732878,0,0.021236,0.0454446,0.3694535,0.0135294,0.0019774,0.0118196,0.0074342
SRR097235,0,0.0142534,0.094568,0.4110886,0,0.0231805,0.0677322,0.3165254,0.016267,0.0064428,0.0462711,0.0033868
SRR097236,0,0.0178325,0.1057271,0.430522,0,0.0216732,0.0093698,0.3880311,0.0230703,0.002568,0.0012061,0
SRR097237,0,0.0179579,0.091639,0.3337233,0,0.0203475,0.0105104,0.5094235,0.0128705,0.0025616,0.0007457,0
SRR097238,0,0.0256237,0.0940644,0.3510268,0,0.0308886,0.0194909,0.4490739,0.0207968,0.0049108,0.0026381,0
SRR097239,0,0.0165423,0.1023724,0.3890266,0,0.0192287,0.0071575,0.4443782,0.0167593,0.0031828,0.0006158,0.0007364
SRR097240,0,0.0157702,0.120027,0.3930787,0,0.0367615,0.0104765,0.3936796,0.0186553,0.005347,0.0014312,0.0042627
SRR097241,0,0.0219255,0.0653081,0.3036405,0,0.0144207,0.1158091,0.4003455,0.0160769,0.0044168,0.0575247,0
SRR097242,0,0.0098874,0.0888508,0.4814595,0,0.019072,0.0758816,0.2806387,0.0089928,0.0046365,0.0244413,0.0047932
SRR097243,0.0114368,0,0.286131,0.1725252,0.0343845,0.0169487,0.0098389,0.4541545,0.012853,0.0017274,0,0
SRR097244,0.0382654,0,0.3605401,0.0963941,0.010111,0.0256926,0.041361,0.3171508,0.0277743,0.0017841,0.0804623,0.0004643
SRR097245,0.0392247,0,0.2117785,0.1748602,0.0156573,0.0189441,0.029863,0.3651235,0.0041124,0.0023091,0.1381271,0
SRR097246,0.1426821,0,0.5467585,0.0819674,0,0.0171861,0.0029476,0.186189,0.0222693,0,0,0
SRR097247,0.0825869,0,0.3511613,0.0427643,0,0.0145378,0.0276473,0.3667212,0.0974179,0,0.0171632,0
SRR097248,0.0308939,0,0.3428808,0.0808393,0.0262609,0.0311169,0.0233468,0.4489714,0.0145605,0.0011293,0,0
SRR097249,0.0405857,0,0.3135189,0.0559592,0.004182,0.0109718,0.0176222,0.4430512,0,0,0.1141089,0
SRR097250,0.0382745,0,0.3376145,0.1308743,0.0083118,0.023849,0.0358059,0.3061798,0.0294146,0.0026951,0.0858233,0.0011571
SRR097251,0.1082773,0,0.5438579,0.0996855,0.0012975,0.017519,0.0201465,0.1879009,0.0105969,0,0.0107186,0
SRR097252,0.0640625,0,0.3203395,0.1077163,0.0016562,0.0356638,0.0208515,0.3676162,0.0621969,0.001819,0.0180782,0
SRR097253,0.0247193,0,0.3646982,0.1351526,0.0171451,0.0152207,0.0138134,0.4197126,0.009538,0,0,0
SRR097254,0.0644345,0,0.2879635,0.0629376,0.0264131,0.013263,0.0252077,0.3681954,0.0129642,0.0005354,0.1380856,0
SRR097255,0.0258447,0,0.2948134,0.1494421,0.0372551,0.0266676,0.0226913,0.4228386,0.0204472,0,0,0
SRR097256,0.0258529,0,0.3602185,0.1666016,0.0050739,0.0170501,0.0216684,0.3323743,0.0089489,0,0.0622112,0
SRR097257,0.0288875,0,0.2217443,0.2159064,0.0138459,0.0262317,0.0113177,0.4509679,0.0034622,0,0.0276364,0
SRR097258,0.0379187,0,0.586983,0.1140457,0,0.0057779,0.0211386,0.1923631,0.002884,0,0.038889,0
SRR097259,0.0640082,0,0.2077145,0.1067183,0.0108107,0.0141381,0.0695176,0.375634,0.0284687,0,0.1229899,0
SRR097260,0.0256773,0,0.3339455,0.1489089,0.0165013,0.0283321,0.0280006,0.3982282,0.0204061,0,0,0
SRR097261,0.0500487,0.0060496,0.2075115,0.1252203,0.0300187,0.0109377,0.0355803,0.3969553,0.0441626,0.0020517,0.0914638,0
SRR097262,0.015176,0,0.18133,0.1799766,0.0114113,0.0106678,0.0938771,0.3625706,0.0131076,0,0.1318831,0
SRR097263,0.0047986,0,0.318724,0.2218415,0.0140589,0.0167447,0.0129371,0.3607795,0.0501157,0,0,0
SRR097264,0.0151783,0,0.3820575,0.2148987,0,0.0154554,0.007748,0.3049965,0.0287501,0,0.0309155,0
SRR097265,0.0203828,0,0.2170173,0.2851306,0.0156228,0.0222758,0.0199518,0.3768127,0.0067415,0,0.0360649,0
SRR097266,0.0196234,0.0018564,0.5271867,0.1359291,0.0123616,0.0153973,0.044964,0.1981193,0.0145957,0.0009219,0.0290445,0
SRR097267,0.0263695,0.0013248,0.3208618,0.2107488,0.0030019,0.009185,0.0353409,0.3023167,0.0143059,0,0.0765449,0
SRR097268,0.0252644,0,0.2417787,0.3151534,0.0179797,0.0202279,0.023304,0.3306201,0.0186298,0.007042,0,0
SRR097269,0.0442928,0.0005842,0.2635929,0.1482656,0.0222141,0.0180012,0.0315629,0.3801399,0.032855,0.0021726,0.0553634,0.0009556
SRR097270,0.0035978,0,0.3090296,0.2654146,0,0,0.0304218,0.2863904,0,0,0.1051457,0
SRR097271,0.0115813,0,0.4584614,0.1348981,0,0,0,0.3190423,0,0,0.0735831,0
SRR097272,0.0166525,0,0.5225401,0.1133287,0.0187537,0.0182685,0.0109225,0.2218894,0.0072864,0.0016158,0.0500519,0
SRR097273,0.0192693,0,0.4216789,0.0971926,0.0271231,0.0234688,0.0086154,0.3216245,0.0087587,0.0051656,0.0281432,0.0006376
SRR097274,0.0321293,0,0.40257,0.0679651,0.0252391,0.0062666,0.021753,0.3543794,0.0049206,0.0021784,0.0731253,0
SRR097275,0.0488835,0,0.3222532,0.219991,0.0123622,0.0253075,0.0145762,0.309272,0.0203703,0.0053875,0.0034211,0
SRR097276,0.0767053,0,0.3743989,0.0929308,0.0074427,0.0096451,0.0279266,0.2886061,0.0228011,0.0039624,0.0796484,0
SRR097277,0.0204126,0,0.4814169,0.1073467,0.0235259,0.0244925,0.0233865,0.2111043,0.0111272,0.004277,0.0776121,0
SRR097278,0.0119176,0,0.3922551,0.0979627,0.0356,0.0414499,0.0057222,0.3329034,0.010792,0.0043981,0.0169821,0
SRR097279,0.025094,0,0.3077071,0.2224299,0.0212412,0.0141621,0.0203719,0.2884603,0.0086951,0.0040291,0.0488581,0
SRR097280,0.0259728,0,0.4795951,0.1717835,0.0076533,0.0053165,0.0158563,0.2417459,0,0,0.0329305,0
SRR097281,0.0202229,0,0.4340536,0.1061,0.0144579,0.0186132,0.0119202,0.3453552,0.0012019,0.0007235,0.0257478,0
SRR097282,0.0189115,0,0.4339451,0.0648428,0.0077521,0.00928,0.0131971,0.3956535,0,0,0.0487167,0
SRR097283,0.0599071,0,0.2654695,0.2222695,0.0023011,0.0177979,0.0082724,0.3793134,0.0195189,0.0056101,0,0
SRR097284,0.0456226,0,0.3570492,0.1737617,0.0059906,0.0061629,0.023589,0.3465069,0.0086486,0,0.0260603,0
SRR097285,0.0128988,0,0.5467315,0.1067608,0.0072554,0,0.0164771,0.2156478,0,0,0.0942285,0
SRR097286,0.0102216,0,0.4083822,0.1043906,0.0286804,0.0205831,0.0061005,0.3622467,0.0043088,0.0023548,0.017038,0
SRR097287,0.055416,0,0.3423608,0.1477951,0.0209347,0.0150291,0.0203866,0.2835196,0.011945,0.0027152,0.078319,0
SRR097288,0.0456235,0,0.3684292,0.1741792,0.0167222,0.0224655,0.0191134,0.2422954,0.0175177,0.0055857,0.0644645,0.0009602
SRR097289,0.0281284,0,0.365452,0.1158551,0.0259877,0.0179864,0.012481,0.38304,0.0010127,0,0.0275763,0
SRR097290,0.0371533,0,0.3781981,0.0996477,0.0241828,0.0188586,0.0234651,0.3321931,0.0073159,0.0023306,0.0591865,0
SRR097291,0.0456417,0,0.3040795,0.169473,0.0166588,0.0198813,0.0085383,0.3638025,0.0177616,0.0058904,0.0249309,0.000872
SRR097292,0.0526446,0,0.3302839,0.1835636,0.0044917,0.0140887,0.0273684,0.3217524,0.0167967,0,0.0231584,0
SRR097293,0.0608414,0,0.30469,0.1495336,0.0261794,0.0241144,0.0350424,0.2370226,0.0215819,0.0046512,0.1001156,0.0012392
SRR097294,0.0156985,0,0.384641,0.1697274,0,0,0.0011529,0.3138423,0.0297354,0,0.0470178,0
SRR097295,0.056299,0.0032797,0.3840445,0.1697898,0.0189966,0.0219646,0.0189677,0.223968,0.0325394,0.0043138,0.031491,0.0013803
SRR097296,0.0175883,0,0.3255826,0.1804224,0.0028751,0.0211987,0.017601,0.4115641,0,0,0.0192311,0
SRR097297,0.02957,0,0.2968752,0.1958565,0.0121173,0.0206567,0.0106875,0.3214277,0,0,0.0822094,0
SRR097298,0.0557031,0,0.275048,0.2491118,0.0230436,0.02262,0.0117872,0.273799,0.0134214,0.0070981,0.0383725,0.0018903
SRR097299,0.1235991,0,0.2359376,0.2195343,0.0090144,0.0144027,0.0392178,0.2457971,0.0301735,0.0017874,0.0400551,0.0003117
SRR097300,0.0681784,0,0.3445803,0.1636445,0.0222827,0.0162271,0.0251021,0.2469602,0.0150157,0.00215,0.0603739,0
SRR097301,0.0842296,0.0006932,0.2614723,0.1950262,0.0231279,0.0223243,0.0300533,0.3077249,0.0245385,0.0047561,0.0098079,0.0016411
SRR097302,0.0279657,0,0.4137559,0.0687357,0.0231308,0.0172637,0.0165979,0.3112073,0.0196962,0.0044288,0.080227,0
SRR097303,0.0464918,0,0.2927408,0.082702,0.0288588,0.0215288,0.0305359,0.4418723,0.0097646,0,0.0020734,0
SRR097304,0.0402332,0,0.4489485,0.0609889,0.0121112,0.0080969,0.0129443,0.1874427,0.0021556,0.003012,0.2168827,0
SRR097305,0.3136262,0,0.1522745,0.1856524,0.0057993,0.0078877,0.0113696,0.2858941,0.0374963,0,0,0
SRR097306,0.0292174,0,0.4405216,0.0576327,0.0112993,0.0138928,0.0408718,0.2074788,0.0106412,0.0039112,0.1748636,0.0002472
SRR097307,0.0619453,0,0.497527,0.1320212,0.012073,0.017814,0.0201985,0.1537141,0.0202887,0.0028819,0.0715102,0
SRR097308,0.0178238,0,0.1101537,0.3673217,0.0195915,0.0240131,0.0066472,0.3682338,0.0272392,0.0012271,0,0
SRR097309,0.0263232,0,0.4025418,0.1002402,0.0118477,0.0120638,0.0109866,0.3263306,0.0467325,0.0010806,0.0537357,0
SRR097310,0.0440635,0,0.271055,0.0804464,0.0300957,0.0232746,0.0303674,0.4812459,0.0115703,0.0040555,0.0019416,0.0004605
SRR097311,0.076758,0,0.4374328,0.093953,0.0095705,0.0124579,0.0237275,0.2747373,0.0223524,0.0011948,0.0478159,0
SRR097312,0.035493,0,0.4624242,0.0773641,0.0114945,0.0090141,0.014632,0.2117592,0.0060739,0.001101,0.1622125,0
SRR097313,0.061487,0,0.2543956,0.1690054,0.013866,0.0239912,0.0073043,0.4409514,0.0236777,0.002898,0.0006876,0.0017359
SRR097314,0.0804146,0,0.5093172,0.1095767,0.0180463,0.0200496,0.0255076,0.1417044,0.0155477,0.0030202,0.0723012,0.0002213
SRR097315,0.0110981,0,0.1652193,0.3101911,0.0281659,0.0223877,0.0021171,0.4178022,0.0144405,0,0,0
SRR097316,0.0627954,0,0.2838212,0.1512669,0.0308938,0.015224,0.0274334,0.3170051,0.0398035,0.0074733,0.0362303,0
SRR097317,0.0406454,0,0.2250578,0.1240401,0.0293801,0.0226583,0.0298784,0.4763706,0.0107932,0.003151,0,0
SRR097318,0.0669021,0,0.3074904,0.1169979,0.0186301,0.0153182,0.0236088,0.3542331,0.0353585,0.0038947,0.0563754,0.0011909
SRR097319,0.0368326,0,0.430747,0.1139814,0.0074682,0.0137552,0.0219707,0.2221746,0.0111622,0.0004331,0.1259457,0
SRR097320,0.160861,0,0.1515238,0.2002988,0.023774,0.0140263,0.0104899,0.3965391,0.0414928,0.0006694,0,0.0003249
SRR097321,0.030981,0,0.4460589,0.0994128,0,0.0119038,0.034776,0.2010036,0.0064786,0,0.1693852,0
SRR097322,0.0505115,0,0.435875,0.1813912,0.0153925,0.0224701,0.032918,0.1831409,0.0162965,0.0064274,0.0392492,0.0015788
SRR097323,0.0131869,0,0.2234989,0.3487858,0.0255588,0.0264112,0.0118427,0.3129371,0.0366585,0.0011201,0,0
SRR097324,0.0226246,0.0006395,0.3553493,0.1416928,0.0252636,0.0250837,0.026685,0.2791055,0.0700199,0.0062049,0.0468509,0.0004803
SRR097325,0.0240849,0,0.298816,0.1464277,0.0246764,0.0130453,0.0249755,0.4471215,0.0208528,0,0,0
SRR097326,0.052693,0,0.3630473,0.2274122,0.0112816,0.015043,0.0321396,0.254867,0.0256175,0.0014074,0.0164913,0
SRR097327,0,0,0.5831616,0.1483452,0,0,0,0.2373643,0,0,0.0311289,0
SRR097328,0.0740238,0.0038877,0.2231732,0.3143908,0.0216496,0.0220715,0.0270748,0.2752518,0.0280408,0.0031075,0.0031305,0.004198
SRR097329,0.0215708,0.0001124,0.4092677,0.1339542,0.0122188,0.0173611,0.0259516,0.2030415,0.0496476,0.0017986,0.1233806,0.0016951
SRR097330,0.058078,0.0006538,0.4763602,0.1589497,0.021983,0.0224759,0.0503502,0.1488964,0.0285143,0.0067026,0.0220283,0.0048086
SRR097331,0.1034342,0,0.2142615,0.087228,0.0163759,0.01504,0.0115993,0.479338,0.0272789,0,0.0454442,0
SRR097332,0.0744651,0,0.4354244,0.1357472,0,0,0,0.3322872,0,0,0.022076,0
SRR097342,0.0531109,0,0.2859532,0.058776,0,0.0128694,0,0.5774245,0.011866,0,0,0
SRR097343,0.0283973,0,0.2607982,0.1745571,0,0,0.0088046,0.4779377,0,0,0.0495051,0
SRR097344,0.0340216,0,0.3463783,0.1906741,0.0069216,0.0146194,0.0066586,0.3586206,0.024169,0,0.0179368,0
SRR097345,0.0248717,0,0.3012077,0.1321427,0.0199923,0.0240594,0.0193265,0.4140779,0.0312041,0.0109996,0.0221181,0
SRR097346,0.0309569,0,0.2727169,0.1401447,0.0110413,0.0082685,0.0462154,0.3579127,0.0166085,0.0007313,0.1154039,0
SRR097347,0.0287488,0,0.3023832,0.1662312,0.0152872,0.0063689,0.0590216,0.3460042,0.0182125,0.0015419,0.0562004,0
SRR097348,0.0261176,0,0.2201804,0.2523481,0.0462125,0.0323642,0.0163248,0.3456643,0.0451875,0.0116863,0.0039143,0
SRR097349,0.0512761,0,0.2441116,0.1098613,0.0150555,0.0137749,0.0058553,0.5412157,0.0092589,0,0.0095908,0
SRR097350,0.028604,0,0.3319188,0.1355285,0.0155037,0.0132111,0.0259473,0.4170404,0.0227534,0.0008615,0.0080287,0.0006026
SRR097351,0.0067766,0,0.439561,0.2061733,0,0,0,0.3414929,0.0059962,0,0,0
SRR097352,0.0291983,0,0.2920757,0.1392954,0,0,0.0225266,0.5112807,0.0056234,0,0,0
SRR097353,0.028763,0,0.2726987,0.1831731,0.0119859,0.0147205,0.0312734,0.326488,0.0148926,0,0.1160048,0
SRR097354,0.0283044,0,0.3380404,0.1310747,0.0179991,0.017969,0.0384339,0.2815783,0.0220267,0.0016166,0.1212157,0.0006008
SRR097355,0.0188831,0,0.2836102,0.3132481,0.0303342,0.0183409,0.0123181,0.2864362,0.0368292,0,0,0
SRR097356,0.0713097,0,0.2679293,0.1621404,0.0120787,0.0071806,0.0119706,0.4502646,0.0065293,0,0.0105968,0
SRR097357,0.0329262,0,0.4035274,0.0291803,0.0037605,0.0081977,0.0468118,0.2971903,0.0166595,0,0.1617464,0
SRR097358,0.0474002,0,0.3170832,0.0590894,0.0023403,0.0038751,0,0.4818349,0,0,0.0883769,0
SRR097359,0.0314652,0,0.4259731,0.0586054,0.0098788,0.019767,0.0182238,0.3194111,0,0,0.1166756,0
SRR097360,0.030232,0,0.3490059,0.0389498,0.0094786,0.0069002,0.0538405,0.2704264,0.0104348,0,0.2307318,0
SRR097361,0.0205103,0,0.499209,0.0705269,0.0056398,0.0176162,0.024554,0.2370773,0.0064179,0,0.1184485,0
SRR097362,0.0226895,0,0.1964151,0.1752484,0.0422102,0.0298803,0.0100282,0.4553753,0.0541272,0.0140258,0,0
SRR097363,0.0498433,0,0.3607173,0.1335749,0.0084301,0.0144375,0.0089172,0.3508819,0.0036291,0,0.0695686,0
SRR097364,0.0192612,0,0.4670543,0.0897843,0.0056262,0.0154985,0.0322268,0.2482211,0.0012491,0,0.1210785,0
SRR097365,0.0329289,0,0.3708209,0.0561806,0.0068299,0.0124297,0.0468026,0.2255372,0.0114421,0,0.2370282,0
SRR097366,0.0430678,0,0.4713436,0.1182702,0.008956,0.0136905,0.0100053,0.2760303,0.0052331,0.0023387,0.0508835,0
SRR097367,0.041433,0,0.3389262,0.0597349,0.0091293,0.0105568,0.0777718,0.2961685,0.035909,0.0014731,0.1288974,0
SRR097368,0.0335881,0,0.3095422,0.0613087,0.0066394,0.0074442,0.0047322,0.4980521,0.0015919,0,0.0771013,0
SRR097369,0.0474188,0,0.3901405,0.0661863,0.023798,0.0244202,0.0288582,0.2791458,0.0027055,0.0034348,0.133892,0
SRR097370,0.0259887,0,0.3442191,0.0442938,0.0065857,0.0077255,0.0363626,0.1781523,0.0078741,0,0.3487982,0
SRR097371,0.0254731,0,0.4582662,0.0728727,0.001599,0.0105229,0.0449215,0.2179796,0,0,0.168365,0
SRR097372,0.0193696,0,0.1158205,0.3644971,0.0213438,0.0296692,0.0099328,0.3931755,0.0390881,0.0071034,0,0
SRR097373,0.0406595,0,0.4413369,0.1250108,0.0105518,0.0113719,0.0122747,0.2959159,0.0057268,0.0052273,0.0519244,0
SRR097374,0.0223936,0,0.4566033,0.1124939,0.0103927,0.0197411,0.054792,0.2208664,0.0434068,0,0.0593101,0
SRR097375,0.0109569,0,0.3438987,0.1105595,0,0,0.0038001,0.5002146,0,0,0.0305703,0
SRR097376,0.0270666,0,0.4844303,0.0976358,0.0169011,0.0094934,0.0242221,0.2148485,0.0098219,0.0023621,0.1132181,0
SRR097377,0.012107,0,0.5115588,0.1188168,0.005347,0.008591,0.018307,0.1954039,0.0045934,0,0.1252751,0
SRR097378,0.022453,0,0.414784,0.1468675,0.009574,0.0160708,0.0269639,0.2490744,0.0086325,0.0009537,0.1044614,0.0001648
SRR097379,0.0120281,0,0.2152303,0.3555062,0.0447189,0.0230172,0.0087478,0.2956978,0.0450538,0,0,0
SRR097380,0.0198237,0,0.2678173,0.1885488,0.0403535,0.0312554,0.0234615,0.3529827,0.0594662,0.0083128,0.0075712,0.0004069
SRR097381,0.0261142,0,0.453859,0.2224147,0,0,0.0222584,0.2632981,0,0,0.0120555,0
SRR097382,0.0207561,0,0.2850521,0.2148932,0.0298188,0.0295713,0.0125039,0.356112,0.0408769,0.0104157,0,0
SRR097383,0.0344129,0,0.3615485,0.1146314,0.014123,0.0142419,0.0196782,0.3385023,0.0451406,0.002276,0.055445,0
SRR097384,0.0287579,0,0.4600295,0.0918776,0.0129215,0.0141282,0.0120854,0.297749,0,0.0006193,0.0818315,0
SRR097385,0.0292529,0,0.4312976,0.0678933,0.0021963,0.0062327,0.0290248,0.3264845,0.0153957,0,0.0922224,0
SRR097386,0.050924,0,0.3347953,0.0788268,0,0,0,0.5354539,0,0,0,0
SRR097387,0.0434043,0,0.3435854,0.0577841,0.0052787,0,0.0293007,0.4496175,0,0,0.0710292,0
SRR097388,0.0271787,0,0.3325621,0.0761472,0.0105075,0.0109809,0.0632224,0.3723918,0.0099468,0.0020765,0.0949861,0
SRR097389,0.1002444,0,0.5681332,0.0774855,0,0.0154772,0.0059868,0.1592543,0.0277975,0.0009946,0.0446266,0
SRR097390,0.0402632,0,0.3530754,0.0948972,0.0139699,0.0145471,0.0432706,0.3239895,0.0193056,0.0021468,0.0945347,0
SRR097391,0.0623214,0,0.287335,0.1380328,0.0116844,0.0246983,0.0195734,0.4287804,0.0212133,0.0063611,0,0
SRR097392,0.0750482,0,0.2396107,0.1290493,0.0349172,0.0082028,0.0545168,0.3792553,0.0079834,0,0.0714163,0
SRR097393,0.025262,0,0.2217071,0.2174635,0.0084326,0.0270336,0.0110748,0.4394606,0.0386731,0.0108926,0,0
SRR097394,0.028659,0,0.2963583,0.1354998,0.0110232,0.0204416,0.0264676,0.3461954,0.0682442,0.0009013,0.0662094,0
SRR097395,0.0834571,0,0.4949218,0.0825861,0,0.010944,0.0129093,0.1923404,0.0286422,0,0.094199,0
SRR097396,0.0495886,0,0.3340546,0.0906206,0.0087075,0.0105236,0.049934,0.3473548,0.0119669,0,0.0972495,0
SRR097397,0.0264708,0,0.3379594,0.0939108,0.0125466,0.0161616,0.0688813,0.3274903,0.0104829,0.004432,0.1016644,0
SRR097398,0.0162375,0,0.329644,0.2346871,0.0328104,0.0302418,0.0159916,0.2658361,0.0655834,0.0089681,0,0
SRR097399,0.0329485,0,0.3710956,0.1547887,0.0122174,0.0136165,0.0218248,0.2505737,0.0709748,0.0008756,0.0710844,0
SRR097400,0.0259958,0,0.2799541,0.2267665,0.0109241,0.0150516,0.0149723,0.3319589,0.0025157,0.0020024,0.0898586,0
SRR097401,0.0612907,0,0.5367266,0.0898089,0.0105885,0.0178853,0.046036,0.1623134,0.0164097,0,0.0585281,0.0004129
SRR097402,0.0385398,0,0.2570342,0.1764195,0.0122357,0.0128637,0.0448754,0.3487811,0.0051898,0.0007797,0.1032811,0
SRR097403,0.0081056,0,0.3295875,0.3315298,0.0019719,0,0,0.3232737,0.0055315,0,0,0
SRR097404,0.0047748,0,0.3233485,0.2164046,0.0031732,0.0069768,0.0335762,0.3001575,0,0,0.1115884,0
